ann (5) — ann@mail.com
ivan (18) — ivan@mail.com
sara (22) — sara@mail
dima (30) — dima@mail.com
jack (32) — jack@mail.com
max (33) — max@mail.com
mike (99) — mike@mail.com
olga (105) — olga@mail.com
